<?xml version="1.0" encoding="UTF-8"?>
<project-private xmlns="http://www.netbeans.org/ns/project-private/1">
    <editor-bookmarks xmlns="http://www.netbeans.org/ns/editor-bookmarks/2" lastBookmarkId="0"/>
    <open-files xmlns="http://www.netbeans.org/ns/projectui-open-files/2">
        <group>
            <file>file:/E:/Praktikum/PBO/Program/PBO/src/P2/PersegiPanjang.java</file>
            <file>file:/E:/Praktikum/PBO/Program/PBO/src/P2/ObyekPersegiPanjang.java</file>
            <file>file:/E:/Praktikum/PBO/Program/PBO/src/P2/ObyekBuku.java</file>
            <file>file:/E:/Praktikum/PBO/Program/PBO/src/P2/ObyekMahasiswa.java</file>
            <file>file:/E:/Praktikum/PBO/Program/PBO/src/P2/Mahasiswa.java</file>
        </group>
    </open-files>
</project-private>
